Time,Level,Location,Message
09:47:30.253,TRACE,D:\YEON\PRAC\Vision_WPF\Vision_WPF\MainWindow.xaml.cs.mainWindowLoad,Application Start!
09:47:30.653,INFO,D:\YEON\PRAC\Vision_WPF\Vision_WPF\PLC\SocketCommunication.cs..ctor,Create Socket Instance. IP : 192.168.65.246, PORT : 5000
09:47:30.655,INFO,D:\YEON\PRAC\Vision_WPF\Vision_WPF\PLC\SocketCommunication.cs..ctor,Create Socket Instance. IP : 192.168.65.246, PORT : 5001
09:47:30.656,INFO,D:\YEON\PRAC\Vision_WPF\Vision_WPF\PLC\SocketCommunication.cs..ctor,Create Socket Instance. IP : 192.168.65.246, PORT : 5002
09:47:30.656,INFO,D:\YEON\PRAC\Vision_WPF\Vision_WPF\PLC\SocketCommunication.cs..ctor,Create Socket Instance. IP : 192.168.65.246, PORT : 5003
09:47:30.657,INFO,D:\YEON\PRAC\Vision_WPF\Vision_WPF\PLC\SocketCommunication.cs..ctor,Create Socket Instance. IP : 192.168.65.246, PORT : 5004
09:47:40.206,DEBUG,D:\YEON\PRAC\Vision_WPF\Vision_WPF\PLC\SocketCommunication.cs.Dispose,Socket Instance Dispose.
09:47:40.207,DEBUG,D:\YEON\PRAC\Vision_WPF\Vision_WPF\PLC\SocketCommunication.cs.Dispose,Socket Instance Dispose.
09:47:40.207,DEBUG,D:\YEON\PRAC\Vision_WPF\Vision_WPF\Vision\Grab\GrabControl.cs.Dispose,Grab Instance Dispose.
09:47:40.208,DEBUG,D:\YEON\PRAC\Vision_WPF\Vision_WPF\PLC\SocketCommunication.cs.Dispose,Socket Instance Dispose.
09:47:40.208,DEBUG,D:\YEON\PRAC\Vision_WPF\Vision_WPF\Vision\Grab\GrabControl.cs.Dispose,Grab Instance Dispose.
09:47:40.208,DEBUG,D:\YEON\PRAC\Vision_WPF\Vision_WPF\PLC\SocketCommunication.cs.Dispose,Socket Instance Dispose.
09:47:40.210,DEBUG,D:\YEON\PRAC\Vision_WPF\Vision_WPF\Vision\Grab\GrabControl.cs.Dispose,Grab Instance Dispose.
09:47:40.210,DEBUG,D:\YEON\PRAC\Vision_WPF\Vision_WPF\PLC\SocketCommunication.cs.Dispose,Socket Instance Dispose.
09:47:40.210,DEBUG,D:\YEON\PRAC\Vision_WPF\Vision_WPF\Vision\Grab\GrabControl.cs.Dispose,Grab Instance Dispose.
09:47:40.211,TRACE,D:\YEON\PRAC\Vision_WPF\Vision_WPF\UI\Layout_Header.xaml.cs.exitButtonClick,Application Exit!
09:48:05.330,TRACE,D:\YEON\PRAC\Vision_WPF\Vision_WPF\MainWindow.xaml.cs.mainWindowLoad,Application Start!
09:48:05.650,INFO,D:\YEON\PRAC\Vision_WPF\Vision_WPF\PLC\SocketCommunication.cs..ctor,Create Socket Instance. IP : 192.168.65.246, PORT : 5000
09:48:05.651,INFO,D:\YEON\PRAC\Vision_WPF\Vision_WPF\PLC\SocketCommunication.cs..ctor,Create Socket Instance. IP : 192.168.65.246, PORT : 5001
09:48:05.653,INFO,D:\YEON\PRAC\Vision_WPF\Vision_WPF\PLC\SocketCommunication.cs..ctor,Create Socket Instance. IP : 192.168.65.246, PORT : 5002
09:48:05.653,INFO,D:\YEON\PRAC\Vision_WPF\Vision_WPF\PLC\SocketCommunication.cs..ctor,Create Socket Instance. IP : 192.168.65.246, PORT : 5003
09:48:05.654,INFO,D:\YEON\PRAC\Vision_WPF\Vision_WPF\PLC\SocketCommunication.cs..ctor,Create Socket Instance. IP : 192.168.65.246, PORT : 5004
09:48:28.308,DEBUG,D:\YEON\PRAC\Vision_WPF\Vision_WPF\PLC\SocketCommunication.cs.Dispose,Socket Instance Dispose.
09:48:28.309,DEBUG,D:\YEON\PRAC\Vision_WPF\Vision_WPF\PLC\SocketCommunication.cs.Dispose,Socket Instance Dispose.
09:48:28.311,DEBUG,D:\YEON\PRAC\Vision_WPF\Vision_WPF\Vision\Grab\GrabControl.cs.Dispose,Grab Instance Dispose.
09:48:28.312,DEBUG,D:\YEON\PRAC\Vision_WPF\Vision_WPF\PLC\SocketCommunication.cs.Dispose,Socket Instance Dispose.
09:48:28.313,DEBUG,D:\YEON\PRAC\Vision_WPF\Vision_WPF\Vision\Grab\GrabControl.cs.Dispose,Grab Instance Dispose.
09:48:28.314,DEBUG,D:\YEON\PRAC\Vision_WPF\Vision_WPF\PLC\SocketCommunication.cs.Dispose,Socket Instance Dispose.
09:48:28.315,DEBUG,D:\YEON\PRAC\Vision_WPF\Vision_WPF\Vision\Grab\GrabControl.cs.Dispose,Grab Instance Dispose.
09:48:28.316,DEBUG,D:\YEON\PRAC\Vision_WPF\Vision_WPF\PLC\SocketCommunication.cs.Dispose,Socket Instance Dispose.
09:48:28.317,DEBUG,D:\YEON\PRAC\Vision_WPF\Vision_WPF\Vision\Grab\GrabControl.cs.Dispose,Grab Instance Dispose.
09:48:28.318,TRACE,D:\YEON\PRAC\Vision_WPF\Vision_WPF\UI\Layout_Header.xaml.cs.exitButtonClick,Application Exit!
09:48:50.692,TRACE,D:\YEON\PRAC\Vision_WPF\Vision_WPF\MainWindow.xaml.cs.mainWindowLoad,Application Start!
09:48:51.039,INFO,D:\YEON\PRAC\Vision_WPF\Vision_WPF\PLC\SocketCommunication.cs..ctor,Create Socket Instance. IP : 192.168.65.246, PORT : 5000
09:48:51.041,INFO,D:\YEON\PRAC\Vision_WPF\Vision_WPF\PLC\SocketCommunication.cs..ctor,Create Socket Instance. IP : 192.168.65.246, PORT : 5001
09:48:51.042,INFO,D:\YEON\PRAC\Vision_WPF\Vision_WPF\PLC\SocketCommunication.cs..ctor,Create Socket Instance. IP : 192.168.65.246, PORT : 5002
09:48:51.043,INFO,D:\YEON\PRAC\Vision_WPF\Vision_WPF\PLC\SocketCommunication.cs..ctor,Create Socket Instance. IP : 192.168.65.246, PORT : 5003
09:48:51.044,INFO,D:\YEON\PRAC\Vision_WPF\Vision_WPF\PLC\SocketCommunication.cs..ctor,Create Socket Instance. IP : 192.168.65.246, PORT : 5004
09:49:28.337,DEBUG,D:\YEON\PRAC\Vision_WPF\Vision_WPF\PLC\SocketCommunication.cs.Dispose,Socket Instance Dispose.
09:49:28.337,DEBUG,D:\YEON\PRAC\Vision_WPF\Vision_WPF\PLC\SocketCommunication.cs.Dispose,Socket Instance Dispose.
09:49:28.339,DEBUG,D:\YEON\PRAC\Vision_WPF\Vision_WPF\Vision\Grab\GrabControl.cs.Dispose,Grab Instance Dispose.
09:49:28.340,DEBUG,D:\YEON\PRAC\Vision_WPF\Vision_WPF\PLC\SocketCommunication.cs.Dispose,Socket Instance Dispose.
09:49:28.341,DEBUG,D:\YEON\PRAC\Vision_WPF\Vision_WPF\Vision\Grab\GrabControl.cs.Dispose,Grab Instance Dispose.
09:49:28.342,DEBUG,D:\YEON\PRAC\Vision_WPF\Vision_WPF\PLC\SocketCommunication.cs.Dispose,Socket Instance Dispose.
09:49:28.343,DEBUG,D:\YEON\PRAC\Vision_WPF\Vision_WPF\Vision\Grab\GrabControl.cs.Dispose,Grab Instance Dispose.
09:49:28.344,DEBUG,D:\YEON\PRAC\Vision_WPF\Vision_WPF\PLC\SocketCommunication.cs.Dispose,Socket Instance Dispose.
09:49:28.345,DEBUG,D:\YEON\PRAC\Vision_WPF\Vision_WPF\Vision\Grab\GrabControl.cs.Dispose,Grab Instance Dispose.
09:49:28.345,TRACE,D:\YEON\PRAC\Vision_WPF\Vision_WPF\UI\Layout_Header.xaml.cs.exitButtonClick,Application Exit!
09:54:45.945,TRACE,D:\YEON\PRAC\Vision_WPF\Vision_WPF\MainWindow.xaml.cs.mainWindowLoad,Application Start!
09:54:46.355,INFO,D:\YEON\PRAC\Vision_WPF\Vision_WPF\PLC\SocketCommunication.cs..ctor,Create Socket Instance. IP : 192.168.65.246, PORT : 5000
09:54:46.358,INFO,D:\YEON\PRAC\Vision_WPF\Vision_WPF\PLC\SocketCommunication.cs..ctor,Create Socket Instance. IP : 192.168.65.246, PORT : 5001
09:54:46.359,INFO,D:\YEON\PRAC\Vision_WPF\Vision_WPF\PLC\SocketCommunication.cs..ctor,Create Socket Instance. IP : 192.168.65.246, PORT : 5002
09:54:46.361,INFO,D:\YEON\PRAC\Vision_WPF\Vision_WPF\PLC\SocketCommunication.cs..ctor,Create Socket Instance. IP : 192.168.65.246, PORT : 5003
09:54:46.362,INFO,D:\YEON\PRAC\Vision_WPF\Vision_WPF\PLC\SocketCommunication.cs..ctor,Create Socket Instance. IP : 192.168.65.246, PORT : 5004
09:55:10.337,DEBUG,D:\YEON\PRAC\Vision_WPF\Vision_WPF\PLC\SocketCommunication.cs.Dispose,Socket Instance Dispose.
09:55:10.337,DEBUG,D:\YEON\PRAC\Vision_WPF\Vision_WPF\PLC\SocketCommunication.cs.Dispose,Socket Instance Dispose.
09:55:10.339,DEBUG,D:\YEON\PRAC\Vision_WPF\Vision_WPF\Vision\Grab\GrabControl.cs.Dispose,Grab Instance Dispose.
09:55:10.340,DEBUG,D:\YEON\PRAC\Vision_WPF\Vision_WPF\PLC\SocketCommunication.cs.Dispose,Socket Instance Dispose.
09:55:10.341,DEBUG,D:\YEON\PRAC\Vision_WPF\Vision_WPF\Vision\Grab\GrabControl.cs.Dispose,Grab Instance Dispose.
09:55:10.342,DEBUG,D:\YEON\PRAC\Vision_WPF\Vision_WPF\PLC\SocketCommunication.cs.Dispose,Socket Instance Dispose.
09:55:10.343,DEBUG,D:\YEON\PRAC\Vision_WPF\Vision_WPF\Vision\Grab\GrabControl.cs.Dispose,Grab Instance Dispose.
09:55:10.343,DEBUG,D:\YEON\PRAC\Vision_WPF\Vision_WPF\PLC\SocketCommunication.cs.Dispose,Socket Instance Dispose.
09:55:10.344,DEBUG,D:\YEON\PRAC\Vision_WPF\Vision_WPF\Vision\Grab\GrabControl.cs.Dispose,Grab Instance Dispose.
09:55:10.345,TRACE,D:\YEON\PRAC\Vision_WPF\Vision_WPF\UI\Layout_Header.xaml.cs.exitButtonClick,Application Exit!
09:55:30.721,TRACE,D:\YEON\PRAC\Vision_WPF\Vision_WPF\MainWindow.xaml.cs.mainWindowLoad,Application Start!
09:55:31.392,INFO,D:\YEON\PRAC\Vision_WPF\Vision_WPF\PLC\SocketCommunication.cs..ctor,Create Socket Instance. IP : 192.168.65.246, PORT : 5000
09:55:31.394,INFO,D:\YEON\PRAC\Vision_WPF\Vision_WPF\PLC\SocketCommunication.cs..ctor,Create Socket Instance. IP : 192.168.65.246, PORT : 5001
09:55:31.396,INFO,D:\YEON\PRAC\Vision_WPF\Vision_WPF\PLC\SocketCommunication.cs..ctor,Create Socket Instance. IP : 192.168.65.246, PORT : 5002
09:55:31.397,INFO,D:\YEON\PRAC\Vision_WPF\Vision_WPF\PLC\SocketCommunication.cs..ctor,Create Socket Instance. IP : 192.168.65.246, PORT : 5003
09:55:31.399,INFO,D:\YEON\PRAC\Vision_WPF\Vision_WPF\PLC\SocketCommunication.cs..ctor,Create Socket Instance. IP : 192.168.65.246, PORT : 5004
09:55:59.946,DEBUG,D:\YEON\PRAC\Vision_WPF\Vision_WPF\PLC\SocketCommunication.cs.Dispose,Socket Instance Dispose.
09:55:59.946,DEBUG,D:\YEON\PRAC\Vision_WPF\Vision_WPF\PLC\SocketCommunication.cs.Dispose,Socket Instance Dispose.
09:55:59.948,DEBUG,D:\YEON\PRAC\Vision_WPF\Vision_WPF\Vision\Grab\GrabControl.cs.Dispose,Grab Instance Dispose.
09:55:59.949,DEBUG,D:\YEON\PRAC\Vision_WPF\Vision_WPF\PLC\SocketCommunication.cs.Dispose,Socket Instance Dispose.
09:55:59.950,DEBUG,D:\YEON\PRAC\Vision_WPF\Vision_WPF\Vision\Grab\GrabControl.cs.Dispose,Grab Instance Dispose.
09:55:59.951,DEBUG,D:\YEON\PRAC\Vision_WPF\Vision_WPF\PLC\SocketCommunication.cs.Dispose,Socket Instance Dispose.
09:55:59.952,DEBUG,D:\YEON\PRAC\Vision_WPF\Vision_WPF\Vision\Grab\GrabControl.cs.Dispose,Grab Instance Dispose.
09:55:59.953,DEBUG,D:\YEON\PRAC\Vision_WPF\Vision_WPF\PLC\SocketCommunication.cs.Dispose,Socket Instance Dispose.
09:55:59.954,DEBUG,D:\YEON\PRAC\Vision_WPF\Vision_WPF\Vision\Grab\GrabControl.cs.Dispose,Grab Instance Dispose.
09:55:59.955,TRACE,D:\YEON\PRAC\Vision_WPF\Vision_WPF\UI\Layout_Header.xaml.cs.exitButtonClick,Application Exit!
10:01:30.708,TRACE,D:\YEON\PRAC\Vision_WPF\Vision_WPF\MainWindow.xaml.cs.mainWindowLoad,Application Start!
10:01:31.346,INFO,D:\YEON\PRAC\Vision_WPF\Vision_WPF\PLC\SocketCommunication.cs..ctor,Create Socket Instance. IP : 192.168.65.246, PORT : 5000
10:01:31.348,INFO,D:\YEON\PRAC\Vision_WPF\Vision_WPF\PLC\SocketCommunication.cs..ctor,Create Socket Instance. IP : 192.168.65.246, PORT : 5001
10:01:31.351,INFO,D:\YEON\PRAC\Vision_WPF\Vision_WPF\PLC\SocketCommunication.cs..ctor,Create Socket Instance. IP : 192.168.65.246, PORT : 5002
10:01:31.353,INFO,D:\YEON\PRAC\Vision_WPF\Vision_WPF\PLC\SocketCommunication.cs..ctor,Create Socket Instance. IP : 192.168.65.246, PORT : 5003
10:01:31.356,INFO,D:\YEON\PRAC\Vision_WPF\Vision_WPF\PLC\SocketCommunication.cs..ctor,Create Socket Instance. IP : 192.168.65.246, PORT : 5004
10:01:47.442,DEBUG,D:\YEON\PRAC\Vision_WPF\Vision_WPF\PLC\SocketCommunication.cs.Dispose,Socket Instance Dispose.
10:01:47.444,DEBUG,D:\YEON\PRAC\Vision_WPF\Vision_WPF\PLC\SocketCommunication.cs.Dispose,Socket Instance Dispose.
10:01:47.445,DEBUG,D:\YEON\PRAC\Vision_WPF\Vision_WPF\Vision\Grab\GrabControl.cs.Dispose,Grab Instance Dispose.
10:01:47.446,DEBUG,D:\YEON\PRAC\Vision_WPF\Vision_WPF\PLC\SocketCommunication.cs.Dispose,Socket Instance Dispose.
10:01:47.447,DEBUG,D:\YEON\PRAC\Vision_WPF\Vision_WPF\Vision\Grab\GrabControl.cs.Dispose,Grab Instance Dispose.
10:01:47.449,DEBUG,D:\YEON\PRAC\Vision_WPF\Vision_WPF\PLC\SocketCommunication.cs.Dispose,Socket Instance Dispose.
10:01:47.450,DEBUG,D:\YEON\PRAC\Vision_WPF\Vision_WPF\Vision\Grab\GrabControl.cs.Dispose,Grab Instance Dispose.
10:01:47.451,DEBUG,D:\YEON\PRAC\Vision_WPF\Vision_WPF\PLC\SocketCommunication.cs.Dispose,Socket Instance Dispose.
10:01:47.452,DEBUG,D:\YEON\PRAC\Vision_WPF\Vision_WPF\Vision\Grab\GrabControl.cs.Dispose,Grab Instance Dispose.
10:01:47.453,TRACE,D:\YEON\PRAC\Vision_WPF\Vision_WPF\UI\Layout_Header.xaml.cs.exitButtonClick,Application Exit!
10:03:14.918,TRACE,D:\YEON\PRAC\Vision_WPF\Vision_WPF\MainWindow.xaml.cs.mainWindowLoad,Application Start!
10:03:15.655,INFO,D:\YEON\PRAC\Vision_WPF\Vision_WPF\PLC\SocketCommunication.cs..ctor,Create Socket Instance. IP : 192.168.65.246, PORT : 5000
10:03:15.656,INFO,D:\YEON\PRAC\Vision_WPF\Vision_WPF\PLC\SocketCommunication.cs..ctor,Create Socket Instance. IP : 192.168.65.246, PORT : 5001
10:03:15.658,INFO,D:\YEON\PRAC\Vision_WPF\Vision_WPF\PLC\SocketCommunication.cs..ctor,Create Socket Instance. IP : 192.168.65.246, PORT : 5002
10:03:15.659,INFO,D:\YEON\PRAC\Vision_WPF\Vision_WPF\PLC\SocketCommunication.cs..ctor,Create Socket Instance. IP : 192.168.65.246, PORT : 5003
10:03:15.660,INFO,D:\YEON\PRAC\Vision_WPF\Vision_WPF\PLC\SocketCommunication.cs..ctor,Create Socket Instance. IP : 192.168.65.246, PORT : 5004
10:05:09.672,DEBUG,D:\YEON\PRAC\Vision_WPF\Vision_WPF\PLC\SocketCommunication.cs.Dispose,Socket Instance Dispose.
10:05:09.672,DEBUG,D:\YEON\PRAC\Vision_WPF\Vision_WPF\PLC\SocketCommunication.cs.Dispose,Socket Instance Dispose.
10:05:09.680,DEBUG,D:\YEON\PRAC\Vision_WPF\Vision_WPF\Vision\Grab\GrabControl.cs.Dispose,Grab Instance Dispose.
10:05:09.681,DEBUG,D:\YEON\PRAC\Vision_WPF\Vision_WPF\PLC\SocketCommunication.cs.Dispose,Socket Instance Dispose.
10:05:09.682,DEBUG,D:\YEON\PRAC\Vision_WPF\Vision_WPF\Vision\Grab\GrabControl.cs.Dispose,Grab Instance Dispose.
10:05:09.683,DEBUG,D:\YEON\PRAC\Vision_WPF\Vision_WPF\PLC\SocketCommunication.cs.Dispose,Socket Instance Dispose.
10:05:09.684,DEBUG,D:\YEON\PRAC\Vision_WPF\Vision_WPF\Vision\Grab\GrabControl.cs.Dispose,Grab Instance Dispose.
10:05:09.685,DEBUG,D:\YEON\PRAC\Vision_WPF\Vision_WPF\PLC\SocketCommunication.cs.Dispose,Socket Instance Dispose.
10:05:09.686,DEBUG,D:\YEON\PRAC\Vision_WPF\Vision_WPF\Vision\Grab\GrabControl.cs.Dispose,Grab Instance Dispose.
10:05:09.687,TRACE,D:\YEON\PRAC\Vision_WPF\Vision_WPF\UI\Layout_Header.xaml.cs.exitButtonClick,Application Exit!
10:11:26.429,TRACE,D:\YEON\PRAC\Vision_WPF\Vision_WPF\MainWindow.xaml.cs.mainWindowLoad,Application Start!
10:11:27.146,INFO,D:\YEON\PRAC\Vision_WPF\Vision_WPF\PLC\SocketCommunication.cs..ctor,Create Socket Instance. IP : 192.168.65.246, PORT : 5000
10:11:27.148,INFO,D:\YEON\PRAC\Vision_WPF\Vision_WPF\PLC\SocketCommunication.cs..ctor,Create Socket Instance. IP : 192.168.65.246, PORT : 5001
10:11:27.149,INFO,D:\YEON\PRAC\Vision_WPF\Vision_WPF\PLC\SocketCommunication.cs..ctor,Create Socket Instance. IP : 192.168.65.246, PORT : 5002
10:11:27.151,INFO,D:\YEON\PRAC\Vision_WPF\Vision_WPF\PLC\SocketCommunication.cs..ctor,Create Socket Instance. IP : 192.168.65.246, PORT : 5003
10:11:27.152,INFO,D:\YEON\PRAC\Vision_WPF\Vision_WPF\PLC\SocketCommunication.cs..ctor,Create Socket Instance. IP : 192.168.65.246, PORT : 5004
10:12:02.504,DEBUG,D:\YEON\PRAC\Vision_WPF\Vision_WPF\PLC\SocketCommunication.cs.Dispose,Socket Instance Dispose.
10:12:02.505,DEBUG,D:\YEON\PRAC\Vision_WPF\Vision_WPF\PLC\SocketCommunication.cs.Dispose,Socket Instance Dispose.
10:12:02.507,DEBUG,D:\YEON\PRAC\Vision_WPF\Vision_WPF\Vision\Grab\GrabControl.cs.Dispose,Grab Instance Dispose.
10:12:02.509,DEBUG,D:\YEON\PRAC\Vision_WPF\Vision_WPF\PLC\SocketCommunication.cs.Dispose,Socket Instance Dispose.
10:12:02.511,DEBUG,D:\YEON\PRAC\Vision_WPF\Vision_WPF\Vision\Grab\GrabControl.cs.Dispose,Grab Instance Dispose.
10:12:02.512,DEBUG,D:\YEON\PRAC\Vision_WPF\Vision_WPF\PLC\SocketCommunication.cs.Dispose,Socket Instance Dispose.
10:12:02.514,DEBUG,D:\YEON\PRAC\Vision_WPF\Vision_WPF\Vision\Grab\GrabControl.cs.Dispose,Grab Instance Dispose.
10:12:02.515,DEBUG,D:\YEON\PRAC\Vision_WPF\Vision_WPF\PLC\SocketCommunication.cs.Dispose,Socket Instance Dispose.
10:12:02.517,DEBUG,D:\YEON\PRAC\Vision_WPF\Vision_WPF\Vision\Grab\GrabControl.cs.Dispose,Grab Instance Dispose.
10:12:02.519,TRACE,D:\YEON\PRAC\Vision_WPF\Vision_WPF\UI\Layout_Header.xaml.cs.exitButtonClick,Application Exit!
10:19:14.855,TRACE,D:\YEON\PRAC\Vision_WPF\Vision_WPF\MainWindow.xaml.cs.mainWindowLoad,Application Start!
10:19:15.396,INFO,D:\YEON\PRAC\Vision_WPF\Vision_WPF\PLC\SocketCommunication.cs..ctor,Create Socket Instance. IP : 192.168.65.246, PORT : 5000
10:19:15.405,INFO,D:\YEON\PRAC\Vision_WPF\Vision_WPF\PLC\SocketCommunication.cs..ctor,Create Socket Instance. IP : 192.168.65.246, PORT : 5001
10:19:15.406,INFO,D:\YEON\PRAC\Vision_WPF\Vision_WPF\PLC\SocketCommunication.cs..ctor,Create Socket Instance. IP : 192.168.65.246, PORT : 5002
10:19:15.407,INFO,D:\YEON\PRAC\Vision_WPF\Vision_WPF\PLC\SocketCommunication.cs..ctor,Create Socket Instance. IP : 192.168.65.246, PORT : 5003
10:19:15.409,INFO,D:\YEON\PRAC\Vision_WPF\Vision_WPF\PLC\SocketCommunication.cs..ctor,Create Socket Instance. IP : 192.168.65.246, PORT : 5004
10:20:42.393,DEBUG,D:\YEON\PRAC\Vision_WPF\Vision_WPF\PLC\SocketCommunication.cs.Dispose,Socket Instance Dispose.
10:20:42.394,DEBUG,D:\YEON\PRAC\Vision_WPF\Vision_WPF\PLC\SocketCommunication.cs.Dispose,Socket Instance Dispose.
10:20:42.397,DEBUG,D:\YEON\PRAC\Vision_WPF\Vision_WPF\Vision\Grab\GrabControl.cs.Dispose,Grab Instance Dispose.
10:20:42.398,DEBUG,D:\YEON\PRAC\Vision_WPF\Vision_WPF\PLC\SocketCommunication.cs.Dispose,Socket Instance Dispose.
10:20:42.401,DEBUG,D:\YEON\PRAC\Vision_WPF\Vision_WPF\Vision\Grab\GrabControl.cs.Dispose,Grab Instance Dispose.
10:20:42.402,DEBUG,D:\YEON\PRAC\Vision_WPF\Vision_WPF\PLC\SocketCommunication.cs.Dispose,Socket Instance Dispose.
10:20:42.404,DEBUG,D:\YEON\PRAC\Vision_WPF\Vision_WPF\Vision\Grab\GrabControl.cs.Dispose,Grab Instance Dispose.
10:20:42.407,DEBUG,D:\YEON\PRAC\Vision_WPF\Vision_WPF\PLC\SocketCommunication.cs.Dispose,Socket Instance Dispose.
10:20:42.410,DEBUG,D:\YEON\PRAC\Vision_WPF\Vision_WPF\Vision\Grab\GrabControl.cs.Dispose,Grab Instance Dispose.
10:20:42.411,TRACE,D:\YEON\PRAC\Vision_WPF\Vision_WPF\UI\Layout_Header.xaml.cs.exitButtonClick,Application Exit!
10:52:09.862,TRACE,D:\YEON\PRAC\Vision_WPF\Vision_WPF\MainWindow.xaml.cs.mainWindowLoad,Application Start!
10:52:10.245,INFO,D:\YEON\PRAC\Vision_WPF\Vision_WPF\PLC\SocketCommunication.cs..ctor,Create Socket Instance. IP : 192.168.65.246, PORT : 5000
10:52:10.248,INFO,D:\YEON\PRAC\Vision_WPF\Vision_WPF\PLC\SocketCommunication.cs..ctor,Create Socket Instance. IP : 192.168.65.246, PORT : 5001
10:52:10.257,INFO,D:\YEON\PRAC\Vision_WPF\Vision_WPF\PLC\SocketCommunication.cs..ctor,Create Socket Instance. IP : 192.168.65.246, PORT : 5002
10:52:10.259,INFO,D:\YEON\PRAC\Vision_WPF\Vision_WPF\PLC\SocketCommunication.cs..ctor,Create Socket Instance. IP : 192.168.65.246, PORT : 5003
10:52:10.262,INFO,D:\YEON\PRAC\Vision_WPF\Vision_WPF\PLC\SocketCommunication.cs..ctor,Create Socket Instance. IP : 192.168.65.246, PORT : 5004
14:26:19.845,TRACE,D:\YEON\PRAC\Vision_WPF\Vision_WPF\MainWindow.xaml.cs.mainWindowLoad,Application Start!
14:26:20.246,INFO,D:\YEON\PRAC\Vision_WPF\Vision_WPF\PLC\SocketCommunication.cs..ctor,Create Socket Instance. IP : 192.168.65.246, PORT : 5000
14:26:20.247,INFO,D:\YEON\PRAC\Vision_WPF\Vision_WPF\PLC\SocketCommunication.cs..ctor,Create Socket Instance. IP : 192.168.65.246, PORT : 5001
14:26:20.249,INFO,D:\YEON\PRAC\Vision_WPF\Vision_WPF\PLC\SocketCommunication.cs..ctor,Create Socket Instance. IP : 192.168.65.246, PORT : 5002
14:26:20.250,INFO,D:\YEON\PRAC\Vision_WPF\Vision_WPF\PLC\SocketCommunication.cs..ctor,Create Socket Instance. IP : 192.168.65.246, PORT : 5003
14:26:20.253,INFO,D:\YEON\PRAC\Vision_WPF\Vision_WPF\PLC\SocketCommunication.cs..ctor,Create Socket Instance. IP : 192.168.65.246, PORT : 5004
14:28:56.691,DEBUG,D:\YEON\PRAC\Vision_WPF\Vision_WPF\PLC\SocketCommunication.cs.Dispose,Socket Instance Dispose.
14:28:56.692,DEBUG,D:\YEON\PRAC\Vision_WPF\Vision_WPF\PLC\SocketCommunication.cs.Dispose,Socket Instance Dispose.
14:28:56.695,DEBUG,D:\YEON\PRAC\Vision_WPF\Vision_WPF\Vision\Grab\GrabControl.cs.Dispose,Grab Instance Dispose.
14:28:56.698,DEBUG,D:\YEON\PRAC\Vision_WPF\Vision_WPF\PLC\SocketCommunication.cs.Dispose,Socket Instance Dispose.
14:28:56.700,DEBUG,D:\YEON\PRAC\Vision_WPF\Vision_WPF\Vision\Grab\GrabControl.cs.Dispose,Grab Instance Dispose.
14:28:56.702,DEBUG,D:\YEON\PRAC\Vision_WPF\Vision_WPF\PLC\SocketCommunication.cs.Dispose,Socket Instance Dispose.
14:28:56.705,DEBUG,D:\YEON\PRAC\Vision_WPF\Vision_WPF\Vision\Grab\GrabControl.cs.Dispose,Grab Instance Dispose.
14:28:56.707,DEBUG,D:\YEON\PRAC\Vision_WPF\Vision_WPF\PLC\SocketCommunication.cs.Dispose,Socket Instance Dispose.
14:28:56.709,DEBUG,D:\YEON\PRAC\Vision_WPF\Vision_WPF\Vision\Grab\GrabControl.cs.Dispose,Grab Instance Dispose.
14:28:56.710,TRACE,D:\YEON\PRAC\Vision_WPF\Vision_WPF\UI\Layout_Header.xaml.cs.exitButtonClick,Application Exit!
14:29:57.635,TRACE,D:\YEON\PRAC\Vision_WPF\Vision_WPF\MainWindow.xaml.cs.mainWindowLoad,Application Start!
14:29:57.989,INFO,D:\YEON\PRAC\Vision_WPF\Vision_WPF\PLC\SocketCommunication.cs..ctor,Create Socket Instance. IP : 192.168.65.246, PORT : 5000
14:29:57.990,INFO,D:\YEON\PRAC\Vision_WPF\Vision_WPF\PLC\SocketCommunication.cs..ctor,Create Socket Instance. IP : 192.168.65.246, PORT : 5001
14:29:57.993,INFO,D:\YEON\PRAC\Vision_WPF\Vision_WPF\PLC\SocketCommunication.cs..ctor,Create Socket Instance. IP : 192.168.65.246, PORT : 5002
14:29:57.995,INFO,D:\YEON\PRAC\Vision_WPF\Vision_WPF\PLC\SocketCommunication.cs..ctor,Create Socket Instance. IP : 192.168.65.246, PORT : 5003
14:29:57.998,INFO,D:\YEON\PRAC\Vision_WPF\Vision_WPF\PLC\SocketCommunication.cs..ctor,Create Socket Instance. IP : 192.168.65.246, PORT : 5004
14:30:30.775,DEBUG,D:\YEON\PRAC\Vision_WPF\Vision_WPF\PLC\SocketCommunication.cs.Dispose,Socket Instance Dispose.
14:30:30.776,DEBUG,D:\YEON\PRAC\Vision_WPF\Vision_WPF\PLC\SocketCommunication.cs.Dispose,Socket Instance Dispose.
14:30:30.780,DEBUG,D:\YEON\PRAC\Vision_WPF\Vision_WPF\Vision\Grab\GrabControl.cs.Dispose,Grab Instance Dispose.
14:30:30.782,DEBUG,D:\YEON\PRAC\Vision_WPF\Vision_WPF\PLC\SocketCommunication.cs.Dispose,Socket Instance Dispose.
14:30:30.784,DEBUG,D:\YEON\PRAC\Vision_WPF\Vision_WPF\Vision\Grab\GrabControl.cs.Dispose,Grab Instance Dispose.
14:30:30.786,DEBUG,D:\YEON\PRAC\Vision_WPF\Vision_WPF\PLC\SocketCommunication.cs.Dispose,Socket Instance Dispose.
14:30:30.787,DEBUG,D:\YEON\PRAC\Vision_WPF\Vision_WPF\Vision\Grab\GrabControl.cs.Dispose,Grab Instance Dispose.
14:30:30.789,DEBUG,D:\YEON\PRAC\Vision_WPF\Vision_WPF\PLC\SocketCommunication.cs.Dispose,Socket Instance Dispose.
14:30:30.791,DEBUG,D:\YEON\PRAC\Vision_WPF\Vision_WPF\Vision\Grab\GrabControl.cs.Dispose,Grab Instance Dispose.
14:30:30.792,TRACE,D:\YEON\PRAC\Vision_WPF\Vision_WPF\UI\Layout_Header.xaml.cs.exitButtonClick,Application Exit!
16:16:43.659,TRACE,D:\YEON\PRAC\Vision_WPF\Vision_WPF\MainWindow.xaml.cs.mainWindowLoad,Application Start!
16:16:44.029,INFO,D:\YEON\PRAC\Vision_WPF\Vision_WPF\PLC\SocketCommunication.cs..ctor,Create Socket Instance. IP : 192.168.65.246, PORT : 5000
16:16:44.030,INFO,D:\YEON\PRAC\Vision_WPF\Vision_WPF\PLC\SocketCommunication.cs..ctor,Create Socket Instance. IP : 192.168.65.246, PORT : 5001
16:16:44.032,INFO,D:\YEON\PRAC\Vision_WPF\Vision_WPF\PLC\SocketCommunication.cs..ctor,Create Socket Instance. IP : 192.168.65.246, PORT : 5002
16:16:44.034,INFO,D:\YEON\PRAC\Vision_WPF\Vision_WPF\PLC\SocketCommunication.cs..ctor,Create Socket Instance. IP : 192.168.65.246, PORT : 5003
16:16:44.037,INFO,D:\YEON\PRAC\Vision_WPF\Vision_WPF\PLC\SocketCommunication.cs..ctor,Create Socket Instance. IP : 192.168.65.246, PORT : 5004
16:18:17.665,DEBUG,D:\YEON\PRAC\Vision_WPF\Vision_WPF\PLC\SocketCommunication.cs.Dispose,Socket Instance Dispose.
16:18:17.665,DEBUG,D:\YEON\PRAC\Vision_WPF\Vision_WPF\PLC\SocketCommunication.cs.Dispose,Socket Instance Dispose.
16:18:17.668,DEBUG,D:\YEON\PRAC\Vision_WPF\Vision_WPF\Vision\Grab\GrabControl.cs.Dispose,Grab Instance Dispose.
16:18:17.671,DEBUG,D:\YEON\PRAC\Vision_WPF\Vision_WPF\PLC\SocketCommunication.cs.Dispose,Socket Instance Dispose.
16:18:17.672,DEBUG,D:\YEON\PRAC\Vision_WPF\Vision_WPF\Vision\Grab\GrabControl.cs.Dispose,Grab Instance Dispose.
16:18:17.673,DEBUG,D:\YEON\PRAC\Vision_WPF\Vision_WPF\PLC\SocketCommunication.cs.Dispose,Socket Instance Dispose.
16:18:17.675,DEBUG,D:\YEON\PRAC\Vision_WPF\Vision_WPF\Vision\Grab\GrabControl.cs.Dispose,Grab Instance Dispose.
16:18:17.678,DEBUG,D:\YEON\PRAC\Vision_WPF\Vision_WPF\PLC\SocketCommunication.cs.Dispose,Socket Instance Dispose.
16:18:17.683,DEBUG,D:\YEON\PRAC\Vision_WPF\Vision_WPF\Vision\Grab\GrabControl.cs.Dispose,Grab Instance Dispose.
16:18:17.685,TRACE,D:\YEON\PRAC\Vision_WPF\Vision_WPF\UI\Layout_Header.xaml.cs.exitButtonClick,Application Exit!
16:20:16.712,TRACE,D:\YEON\PRAC\Vision_WPF\Vision_WPF\MainWindow.xaml.cs.mainWindowLoad,Application Start!
16:20:17.080,INFO,D:\YEON\PRAC\Vision_WPF\Vision_WPF\PLC\SocketCommunication.cs..ctor,Create Socket Instance. IP : 192.168.65.246, PORT : 5000
16:20:17.082,INFO,D:\YEON\PRAC\Vision_WPF\Vision_WPF\PLC\SocketCommunication.cs..ctor,Create Socket Instance. IP : 192.168.65.246, PORT : 5001
16:20:17.086,INFO,D:\YEON\PRAC\Vision_WPF\Vision_WPF\PLC\SocketCommunication.cs..ctor,Create Socket Instance. IP : 192.168.65.246, PORT : 5002
16:20:17.090,INFO,D:\YEON\PRAC\Vision_WPF\Vision_WPF\PLC\SocketCommunication.cs..ctor,Create Socket Instance. IP : 192.168.65.246, PORT : 5003
16:20:17.093,INFO,D:\YEON\PRAC\Vision_WPF\Vision_WPF\PLC\SocketCommunication.cs..ctor,Create Socket Instance. IP : 192.168.65.246, PORT : 5004
16:20:56.716,DEBUG,D:\YEON\PRAC\Vision_WPF\Vision_WPF\PLC\SocketCommunication.cs.Dispose,Socket Instance Dispose.
16:20:56.717,DEBUG,D:\YEON\PRAC\Vision_WPF\Vision_WPF\PLC\SocketCommunication.cs.Dispose,Socket Instance Dispose.
16:20:56.720,DEBUG,D:\YEON\PRAC\Vision_WPF\Vision_WPF\Vision\Grab\GrabControl.cs.Dispose,Grab Instance Dispose.
16:20:56.721,DEBUG,D:\YEON\PRAC\Vision_WPF\Vision_WPF\PLC\SocketCommunication.cs.Dispose,Socket Instance Dispose.
16:20:56.724,DEBUG,D:\YEON\PRAC\Vision_WPF\Vision_WPF\Vision\Grab\GrabControl.cs.Dispose,Grab Instance Dispose.
16:20:56.726,DEBUG,D:\YEON\PRAC\Vision_WPF\Vision_WPF\PLC\SocketCommunication.cs.Dispose,Socket Instance Dispose.
16:20:56.727,DEBUG,D:\YEON\PRAC\Vision_WPF\Vision_WPF\Vision\Grab\GrabControl.cs.Dispose,Grab Instance Dispose.
16:20:56.729,DEBUG,D:\YEON\PRAC\Vision_WPF\Vision_WPF\PLC\SocketCommunication.cs.Dispose,Socket Instance Dispose.
16:20:56.731,DEBUG,D:\YEON\PRAC\Vision_WPF\Vision_WPF\Vision\Grab\GrabControl.cs.Dispose,Grab Instance Dispose.
16:20:56.733,TRACE,D:\YEON\PRAC\Vision_WPF\Vision_WPF\UI\Layout_Header.xaml.cs.exitButtonClick,Application Exit!
16:21:46.543,TRACE,D:\YEON\PRAC\Vision_WPF\Vision_WPF\MainWindow.xaml.cs.mainWindowLoad,Application Start!
16:21:46.925,INFO,D:\YEON\PRAC\Vision_WPF\Vision_WPF\PLC\SocketCommunication.cs..ctor,Create Socket Instance. IP : 192.168.65.246, PORT : 5000
16:21:46.926,INFO,D:\YEON\PRAC\Vision_WPF\Vision_WPF\PLC\SocketCommunication.cs..ctor,Create Socket Instance. IP : 192.168.65.246, PORT : 5001
16:21:46.929,INFO,D:\YEON\PRAC\Vision_WPF\Vision_WPF\PLC\SocketCommunication.cs..ctor,Create Socket Instance. IP : 192.168.65.246, PORT : 5002
16:21:46.933,INFO,D:\YEON\PRAC\Vision_WPF\Vision_WPF\PLC\SocketCommunication.cs..ctor,Create Socket Instance. IP : 192.168.65.246, PORT : 5003
16:21:46.936,INFO,D:\YEON\PRAC\Vision_WPF\Vision_WPF\PLC\SocketCommunication.cs..ctor,Create Socket Instance. IP : 192.168.65.246, PORT : 5004
18:44:20.436,DEBUG,D:\YEON\PRAC\Vision_WPF\Vision_WPF\PLC\SocketCommunication.cs.Dispose,Socket Instance Dispose.
18:44:20.437,DEBUG,D:\YEON\PRAC\Vision_WPF\Vision_WPF\PLC\SocketCommunication.cs.Dispose,Socket Instance Dispose.
18:44:20.439,DEBUG,D:\YEON\PRAC\Vision_WPF\Vision_WPF\Vision\Grab\GrabControl.cs.Dispose,Grab Instance Dispose.
18:44:20.440,DEBUG,D:\YEON\PRAC\Vision_WPF\Vision_WPF\PLC\SocketCommunication.cs.Dispose,Socket Instance Dispose.
18:44:20.441,DEBUG,D:\YEON\PRAC\Vision_WPF\Vision_WPF\Vision\Grab\GrabControl.cs.Dispose,Grab Instance Dispose.
18:44:20.442,DEBUG,D:\YEON\PRAC\Vision_WPF\Vision_WPF\PLC\SocketCommunication.cs.Dispose,Socket Instance Dispose.
18:44:20.444,DEBUG,D:\YEON\PRAC\Vision_WPF\Vision_WPF\Vision\Grab\GrabControl.cs.Dispose,Grab Instance Dispose.
18:44:20.445,DEBUG,D:\YEON\PRAC\Vision_WPF\Vision_WPF\PLC\SocketCommunication.cs.Dispose,Socket Instance Dispose.
18:44:20.447,DEBUG,D:\YEON\PRAC\Vision_WPF\Vision_WPF\Vision\Grab\GrabControl.cs.Dispose,Grab Instance Dispose.
18:44:20.448,TRACE,D:\YEON\PRAC\Vision_WPF\Vision_WPF\UI\Layout_Header.xaml.cs.exitButtonClick,Application Exit!
18:44:30.232,TRACE,D:\YEON\PRAC\Vision_WPF\Vision_WPF\MainWindow.xaml.cs.mainWindowLoad,Application Start!
18:44:30.569,INFO,D:\YEON\PRAC\Vision_WPF\Vision_WPF\PLC\SocketCommunication.cs..ctor,Create Socket Instance. IP : 192.168.65.246, PORT : 5000
18:44:30.571,INFO,D:\YEON\PRAC\Vision_WPF\Vision_WPF\PLC\SocketCommunication.cs..ctor,Create Socket Instance. IP : 192.168.65.246, PORT : 5001
18:44:30.572,INFO,D:\YEON\PRAC\Vision_WPF\Vision_WPF\PLC\SocketCommunication.cs..ctor,Create Socket Instance. IP : 192.168.65.246, PORT : 5002
18:44:30.573,INFO,D:\YEON\PRAC\Vision_WPF\Vision_WPF\PLC\SocketCommunication.cs..ctor,Create Socket Instance. IP : 192.168.65.246, PORT : 5003
18:44:30.575,INFO,D:\YEON\PRAC\Vision_WPF\Vision_WPF\PLC\SocketCommunication.cs..ctor,Create Socket Instance. IP : 192.168.65.246, PORT : 5004
18:48:48.856,DEBUG,D:\YEON\PRAC\Vision_WPF\Vision_WPF\PLC\SocketCommunication.cs.Dispose,Socket Instance Dispose.
18:48:48.857,DEBUG,D:\YEON\PRAC\Vision_WPF\Vision_WPF\PLC\SocketCommunication.cs.Dispose,Socket Instance Dispose.
18:48:48.860,DEBUG,D:\YEON\PRAC\Vision_WPF\Vision_WPF\Vision\Grab\GrabControl.cs.Dispose,Grab Instance Dispose.
18:48:48.862,DEBUG,D:\YEON\PRAC\Vision_WPF\Vision_WPF\PLC\SocketCommunication.cs.Dispose,Socket Instance Dispose.
18:48:48.865,DEBUG,D:\YEON\PRAC\Vision_WPF\Vision_WPF\Vision\Grab\GrabControl.cs.Dispose,Grab Instance Dispose.
18:48:48.867,DEBUG,D:\YEON\PRAC\Vision_WPF\Vision_WPF\PLC\SocketCommunication.cs.Dispose,Socket Instance Dispose.
18:48:48.868,DEBUG,D:\YEON\PRAC\Vision_WPF\Vision_WPF\Vision\Grab\GrabControl.cs.Dispose,Grab Instance Dispose.
18:48:48.870,DEBUG,D:\YEON\PRAC\Vision_WPF\Vision_WPF\PLC\SocketCommunication.cs.Dispose,Socket Instance Dispose.
18:48:48.872,DEBUG,D:\YEON\PRAC\Vision_WPF\Vision_WPF\Vision\Grab\GrabControl.cs.Dispose,Grab Instance Dispose.
18:48:48.873,TRACE,D:\YEON\PRAC\Vision_WPF\Vision_WPF\UI\Layout_Header.xaml.cs.exitButtonClick,Application Exit!
